--POPULATE DO UTILIZADOR
INSERT INTO UTILIZADOR (ID, NOME_COMPLETO, NOME_UTILIZADOR, EMAIL, DATA_NASCIMENTO, PALAVRA_PASSE, GENERO, PAIS, FOTO, BIOGRAFIA) 
VALUES (1, 'Maria Silva', 'maria_reads_books', 'maria.silva@gmail.com', '1990-04-15', 'password123', 'FEMININO', 'Portugal', 'photo1.jpg', 'Leitora ávida de romances e fantasia.');
INSERT INTO UTILIZADOR (ID, NOME_COMPLETO, NOME_UTILIZADOR, EMAIL, DATA_NASCIMENTO, PALAVRA_PASSE, GENERO, PAIS, FOTO, BIOGRAFIA) 
VALUES (2, 'João Pereira', 'joao_pereira', 'joao.pereira@outlook.com', '1985-10-22', 'password456', 'MASCULINO', 'Brasil', 'photo2.jpg', 'Gosta de ficção científica e tecnologia.');
INSERT INTO UTILIZADOR (ID, NOME_COMPLETO, NOME_UTILIZADOR, EMAIL, DATA_NASCIMENTO, PALAVRA_PASSE, GENERO, PAIS, FOTO, BIOGRAFIA) 
VALUES (3, 'Ana Costa', 'ana_costa', 'ana.costa@yahoo.com', '1995-03-10', 'password789', 'FEMININO', 'Portugal', 'photo3.jpg', 'Estudante de psicologia e apaixonada por autoajuda.');
INSERT INTO UTILIZADOR (ID, NOME_COMPLETO, NOME_UTILIZADOR, EMAIL, DATA_NASCIMENTO, PALAVRA_PASSE, GENERO, PAIS, FOTO, BIOGRAFIA) 
VALUES (4, 'George R. Martin', 'George R. Martin', 'GeorgeMatinas@gmail.com', '1950-07-25', 'euodeiohotd', 'MASCULINO', 'EUA', 'photo4.jpg', 'O MEU LIVRO NUNCA VAI SAIR MAUAHAHAH.');
INSERT INTO UTILIZADOR (ID, NOME_COMPLETO, NOME_UTILIZADOR, EMAIL, DATA_NASCIMENTO, PALAVRA_PASSE, GENERO, PAIS, FOTO, BIOGRAFIA) 
VALUES (5, 'J. R. R. Tolkien', 'J. R. R. Tolkien', 'J.R.R.Tolkien@gmail.com', '1891-01-03', 'passessss', 'MASCULINO', 'UK', 'photo5.jpg', 'Eu sou o Tolkien.');
INSERT INTO UTILIZADOR (ID, NOME_COMPLETO, NOME_UTILIZADOR, EMAIL, DATA_NASCIMENTO, PALAVRA_PASSE, GENERO, PAIS, FOTO, BIOGRAFIA) 
VALUES (6, 'Dan Brown', 'Dan Brown', 'Dan Brown@gmail.com', '1964-06-22', 'daVinki?', 'MASCULINO', 'EUA', 'photo6.jpg', 'Eu escrevi um livro.');
INSERT INTO UTILIZADOR (ID, NOME_COMPLETO, NOME_UTILIZADOR, EMAIL, DATA_NASCIMENTO, PALAVRA_PASSE, GENERO, PAIS, FOTO, BIOGRAFIA) 
VALUES (7, 'Carlos Almeida', 'carlos_litlover', 'carlos.almeida@live.com', '1988-07-19', 'password000', 'MASCULINO', 'Portugal', 'photo7.jpg', 'Amante de thrillers psicológicos e mistérios.');
INSERT INTO UTILIZADOR (ID, NOME_COMPLETO, NOME_UTILIZADOR, EMAIL, DATA_NASCIMENTO, PALAVRA_PASSE, GENERO, PAIS, FOTO, BIOGRAFIA) 
VALUES (8, 'Laura Mendes', 'laura_books', 'laura.mendes@gmail.com', '1992-11-02', 'password555', 'FEMININO', 'Brasil', 'photo8.jpg', 'Fã de literatura clássica e poesia.');
INSERT INTO UTILIZADOR (ID, NOME_COMPLETO, NOME_UTILIZADOR, EMAIL, DATA_NASCIMENTO, PALAVRA_PASSE, GENERO, PAIS, FOTO, BIOGRAFIA) 
VALUES (9, 'Peter Clarke', 'peter_fantasy', 'peter.clarke@yahoo.com', '1990-02-14', 'mypassword1', 'MASCULINO', 'UK', 'photo9.jpg', 'Devoto de mundos fantásticos e contos épicos.');
INSERT INTO UTILIZADOR (ID, NOME_COMPLETO, NOME_UTILIZADOR, EMAIL, DATA_NASCIMENTO, PALAVRA_PASSE, GENERO, PAIS, FOTO, BIOGRAFIA) 
VALUES (10, 'Sophie Dupont', 'sophie_reads', 'sophie.dupont@outlook.com', '1995-05-20', 'pass1234', 'FEMININO', 'França', 'photo10.jpg', 'Especialista em literatura francesa e biografias.');
INSERT INTO UTILIZADOR (ID, NOME_COMPLETO, NOME_UTILIZADOR, EMAIL, DATA_NASCIMENTO, PALAVRA_PASSE, GENERO, PAIS, FOTO, BIOGRAFIA) 
VALUES (11, 'J.K. Rowling', 'jk_magic', 'jk.rowling@wizardingworld.com', '1965-07-31', 'hogwarts123', 'FEMININO', 'United Kingdom', 'rowling_photo.jpg', 'Author of the Harry Potter series and champion of imagination.');
INSERT INTO UTILIZADOR (ID, NOME_COMPLETO, NOME_UTILIZADOR, EMAIL, DATA_NASCIMENTO, PALAVRA_PASSE, GENERO, PAIS, FOTO, BIOGRAFIA) 
VALUES (12, 'Stieg Larsson', 'stieg_thriller', 'stieg.larsson@gmail.com', '1954-08-15', 'dragon_girl', 'MASCULINO', 'Sweden', 'larsson_photo.jpg', 'Investigative journalist and creator of the Millennium series.');
INSERT INTO UTILIZADOR (ID, NOME_COMPLETO, NOME_UTILIZADOR, EMAIL, DATA_NASCIMENTO, PALAVRA_PASSE, GENERO, PAIS, FOTO, BIOGRAFIA) 
VALUES (13, 'Harper Lee', 'harper_words', 'harper.lee@yahoo.com', '1926-04-28', 'mockingbird', 'FEMININO', 'United States', 'lee_photo.jpg', 'Author of To Kill a Mockingbird, a timeless classic.');
INSERT INTO UTILIZADOR (ID, NOME_COMPLETO, NOME_UTILIZADOR, EMAIL, DATA_NASCIMENTO, PALAVRA_PASSE, GENERO, PAIS, FOTO, BIOGRAFIA) 
VALUES (14, 'George Orwell', 'george_rebel', 'george.orwell@hotmail.com', '1903-06-25', 'bigbrother', 'MASCULINO', 'India', 'orwell_photo.jpg', 'Author of 1984 and Animal Farm, visionary and critic of power.');



-- POPULATE DO LEITOR
INSERT INTO LEITOR (ID) VALUES (1);
INSERT INTO LEITOR (ID) VALUES (2);
INSERT INTO LEITOR (ID) VALUES (3);
INSERT INTO LEITOR (ID) VALUES (4);
INSERT INTO LEITOR (ID) VALUES (7);
INSERT INTO LEITOR (ID) VALUES (8);
INSERT INTO LEITOR (ID) VALUES (9);
INSERT INTO LEITOR (ID) VALUES (10);

-- POPULATE DO AUTOR
INSERT INTO AUTOR (ID) VALUES (4);
INSERT INTO AUTOR (ID) VALUES (5);
INSERT INTO AUTOR (ID) VALUES (6);
INSERT INTO AUTOR (ID) VALUES (11);
INSERT INTO AUTOR (ID) VALUES (12);
INSERT INTO AUTOR (ID) VALUES (13);
INSERT INTO AUTOR (ID) VALUES (14);


-- POPULATE DO LIVRO
INSERT INTO LIVRO (ISBN, TITULO, EDICAO, DATA_LANCAMENTO, NUMERO_DE_PAGINAS) 
VALUES (9781234567890, 'O Senhor dos Anéis', 1, '1954-07-29', 1216);
INSERT INTO LIVRO (ISBN, TITULO, EDICAO, DATA_LANCAMENTO, NUMERO_DE_PAGINAS) 
VALUES (9780987654321, 'A Guerra dos Tronos', 1, '1996-08-06', 694);
INSERT INTO LIVRO (ISBN, TITULO, EDICAO, DATA_LANCAMENTO, NUMERO_DE_PAGINAS) 
VALUES (9781122334455, 'O Código Da Vinci', 5, '2003-03-18', 454);
INSERT INTO LIVRO (ISBN, TITULO, EDICAO, DATA_LANCAMENTO, NUMERO_DE_PAGINAS) 
VALUES (9780544003415, 'The Hobbit', 1, '1937-09-21', 310);
INSERT INTO LIVRO (ISBN, TITULO, EDICAO, DATA_LANCAMENTO, NUMERO_DE_PAGINAS) 
VALUES (9780747532743, 'Harry Potter and the Philosophers Stone', 15, '2015-06-26', 223);
INSERT INTO LIVRO (ISBN, TITULO, EDICAO, DATA_LANCAMENTO, NUMERO_DE_PAGINAS) 
VALUES (9780307474278, 'The Girl with the Dragon Tattoo', 1, '2005-08-27', 465);
INSERT INTO LIVRO (ISBN, TITULO, EDICAO, DATA_LANCAMENTO, NUMERO_DE_PAGINAS) 
VALUES (9780061120084, 'To Kill a Mockingbird', 17, '2000-07-11', 281);
INSERT INTO LIVRO (ISBN, TITULO, EDICAO, DATA_LANCAMENTO, NUMERO_DE_PAGINAS) 
VALUES (9780451524935, '1984', 1, '1949-06-08', 328);


-- POPULATE DA EDITORA
INSERT INTO EDITORA (NOME, DATA_DE_FUNDACAO) 
VALUES ('Editora Planeta', '1980-01-01');
INSERT INTO EDITORA (NOME, DATA_DE_FUNDACAO) 
VALUES ('Editora Record', '1965-05-15');
INSERT INTO EDITORA (NOME, DATA_DE_FUNDACAO) 
VALUES ('Editora Companhia das Letras', '1990-03-20');
INSERT INTO EDITORA (NOME, DATA_DE_FUNDACAO) 
VALUES ('HarperCollins', '1989-01-01');
INSERT INTO EDITORA (NOME, DATA_DE_FUNDACAO) 
VALUES ('Bloomsbury Publishing', '1986-01-01');
INSERT INTO EDITORA (NOME, DATA_DE_FUNDACAO) 
VALUES ('Norstedts Förlag', '1823-01-01');
INSERT INTO EDITORA (NOME, DATA_DE_FUNDACAO) 
VALUES ('Secker & Warburg', '1935-01-01');

-- POPULATE DA COLECAO
INSERT INTO COLECAO (NOME) VALUES ('O Senhor dos Anéis');
INSERT INTO COLECAO (NOME) VALUES ('As Crónicas de Gelo e Fogo');
INSERT INTO COLECAO (NOME) VALUES ('Coleção Mistério');
INSERT INTO COLECAO (NOME) VALUES ('Harry Potter Series');
INSERT INTO COLECAO (NOME) VALUES ('Millennium Series');
INSERT INTO COLECAO (NOME) VALUES ('The Dystopian Series');
INSERT INTO COLECAO (NOME) VALUES ('To Kill a Mockingbird');


-- POPULATE DO GENERO
INSERT INTO GENERO (NOME) VALUES ('ROMANCE');
INSERT INTO GENERO (NOME) VALUES ('FANTASIA');
INSERT INTO GENERO (NOME) VALUES ('TERROR');
INSERT INTO GENERO (NOME) VALUES ('INFANTIL');
INSERT INTO GENERO (NOME) VALUES ('ARTE');
INSERT INTO GENERO (NOME) VALUES ('AUTO AJUDA');
INSERT INTO GENERO (NOME) VALUES ('CIENCIA');
INSERT INTO GENERO (NOME) VALUES ('NAO FICCAO');

-- POPULATE DO GRUPO
INSERT INTO GRUPO (NOME, DESCRICAO, INFORMACOES) 
VALUES ('Leitores de Fantasia', 'Grupo dedicado a fãs de livros de fantasia.', 'Organizamos eventos e leituras semanais.');
INSERT INTO GRUPO (NOME, DESCRICAO, INFORMACOES) 
VALUES ('Clube de Romance', 'Grupo para leitores apaixonados por romances.', 'Fomentamos discussões sobre livros e autores.');
INSERT INTO GRUPO (NOME, DESCRICAO, INFORMACOES) 
VALUES ('Leitura Livre', 'Grupo de leitura variada.', 'Apostamos em uma seleção eclética de livros.');
INSERT INTO GRUPO (NOME, DESCRICAO, INFORMACOES) 
VALUES ('Clube do Mistério', 'Grupo para amantes de mistérios e thrillers.', 'Discussões mensais sobre autores e livros do gênero.');
INSERT INTO GRUPO (NOME, DESCRICAO, INFORMACOES) 
VALUES ('Fãs de Literatura Clássica', 'Grupo para ler e discutir obras clássicas.', 'Promovemos leituras coletivas de autores renomados.');


-- POPULATE DE PUBLICACAO
INSERT INTO PUBLICACAO (ID_PUBLICACAO, TITULO, DATA_E_HORA, CONTEUDO) 
VALUES (1, 'Novo Artigo de Fantasia', '2024-12-01 10:00:00', 'Conteúdo sobre o novo livro de fantasia.');
INSERT INTO PUBLICACAO (ID_PUBLICACAO, TITULO, DATA_E_HORA, CONTEUDO) 
VALUES (2, 'Análise do Código Da Vinci', '2024-12-01 12:00:00', 'Discussão sobre o enredo e as ideias por trás do livro.');
INSERT INTO PUBLICACAO (ID_PUBLICACAO, TITULO, DATA_E_HORA, CONTEUDO) 
VALUES (3, 'Como Começar a Ler Terror', '2024-12-01 14:00:00', 'Dicas para iniciantes no gênero de terror.');
INSERT INTO PUBLICACAO (ID_PUBLICACAO, TITULO, DATA_E_HORA, CONTEUDO) 
VALUES (4, 'Movimento LGBTQUIAP+ é IMPORTANTE', '2024-12-01 16:00:00', 'Eu sou uma má pessoa por ser transfóbica');
INSERT INTO PUBLICACAO (ID_PUBLICACAO, TITULO, DATA_E_HORA, CONTEUDO) 
VALUES (5, 'Mistérios Não Resolvidos', '2024-12-02 10:00:00', 'Discussão sobre os melhores livros de mistério.');
INSERT INTO PUBLICACAO (ID_PUBLICACAO, TITULO, DATA_E_HORA, CONTEUDO) 
VALUES (6, 'O Papel da Fantasia na Ficção', '2024-12-02 14:00:00', 'Uma visão geral dos elementos da fantasia em grandes sagas.');


-- POPULATE DE AMIGO
INSERT INTO AMIGO (ID1, ID2) VALUES (1, 2);
INSERT INTO AMIGO (ID1, ID2) VALUES (2, 3);
INSERT INTO AMIGO (ID1, ID2) VALUES (1, 5);
INSERT INTO AMIGO (ID1, ID2) VALUES (1, 9);
INSERT INTO AMIGO (ID1, ID2) VALUES (1, 10);
INSERT INTO AMIGO (ID1, ID2) VALUES (10, 9);
INSERT INTO AMIGO (ID1, ID2) VALUES (12, 13);
INSERT INTO AMIGO (ID1, ID2) VALUES (2, 7);
INSERT INTO AMIGO (ID1, ID2) VALUES (2, 8);
INSERT INTO AMIGO (ID1, ID2) VALUES (2, 9);

-- POPULATE DA PERTENCE_GRUPO
INSERT INTO PERTENCE_GRUPO (ID, NOME) VALUES (1, 'Leitores de Fantasia');
INSERT INTO PERTENCE_GRUPO (ID, NOME) VALUES (1, 'Leitura Livre');
INSERT INTO PERTENCE_GRUPO (ID, NOME) VALUES (2, 'Clube de Romance');
INSERT INTO PERTENCE_GRUPO (ID, NOME) VALUES (2, 'Clube do Mistério');
INSERT INTO PERTENCE_GRUPO (ID, NOME) VALUES (3, 'Leitura Livre');
INSERT INTO PERTENCE_GRUPO (ID, NOME) VALUES (4, 'Leitores de Fantasia');
INSERT INTO PERTENCE_GRUPO (ID, NOME) VALUES (7, 'Leitura Livre');
INSERT INTO PERTENCE_GRUPO (ID, NOME) VALUES (7, 'Fãs de Literatura Clássica');
INSERT INTO PERTENCE_GRUPO (ID, NOME) VALUES (8, 'Fãs de Literatura Clássica');
INSERT INTO PERTENCE_GRUPO (ID, NOME) VALUES (9, 'Clube do Mistério');
INSERT INTO PERTENCE_GRUPO (ID, NOME) VALUES (11, 'Clube do Mistério');



-- POPULATE DA PERTENCE_COLECAO
INSERT INTO PERTENCE_COLECAO (ISBN, NOME) VALUES (9781234567890, 'O Senhor dos Anéis');
INSERT INTO PERTENCE_COLECAO (ISBN, NOME) VALUES (9780987654321, 'As Crónicas de Gelo e Fogo');
INSERT INTO PERTENCE_COLECAO (ISBN, NOME) VALUES (9781122334455, 'Robert Langdon Series');
INSERT INTO PERTENCE_COLECAO (ISBN, NOME) VALUES (9780747532743, 'Harry Potter Series');
INSERT INTO PERTENCE_COLECAO (ISBN, NOME) VALUES (9780307474278, 'Millennium Series');
INSERT INTO PERTENCE_COLECAO (ISBN, NOME) VALUES (9780451524935 'The Dystopian Series');
INSERT INTO PERTENCE_COLECAO (ISBN, NOME) VALUES (9780061120084, 'To Kill a Mockingbird');


-- POPULATE DE ESCREVEU
INSERT INTO ESCREVEU (ID, ISBN) VALUES (5, 9781234567890);
INSERT INTO ESCREVEU (ID, ISBN) VALUES (4, 9780987654321);
INSERT INTO ESCREVEU (ID, ISBN) VALUES (6, 9781122334455);
INSERT INTO ESCREVEU (ID, ISBN) VALUES (11, 9780747532743); 
INSERT INTO ESCREVEU (ID, ISBN) VALUES (12, 9780307474278);
INSERT INTO ESCREVEU (ID, ISBN) VALUES (13, 9780061120084); 
INSERT INTO ESCREVEU (ID, ISBN) VALUES (14, 9780451524935,);


-- POPULATE DE LANCOU
INSERT INTO LANCOU (ISBN, NOME) VALUES (9781234567890, 'Editora Planeta');
INSERT INTO LANCOU (ISBN, NOME) VALUES (9780987654321, 'Editora Record');
INSERT INTO LANCOU (ISBN, NOME) VALUES (9781122334455, 'Editora Companhia das Letras');
INSERT INTO LANCOU (ISBN, NOME) VALUES (9780747532743, 'Bloomsbury Publishing');
INSERT INTO LANCOU (ISBN, NOME) VALUES (9780307474278, 'Norstedts Förlag');
INSERT INTO LANCOU (ISBN, NOME) VALUES (9780061120084, 'J.B. Lippincott & Co.');
INSERT INTO LANCOU (ISBN, NOME) VALUES (9780451524935,, 'Secker & Warburg');


-- POPULATE DE INSERIDO
INSERT INTO INSERIDO (ISBN, NOME) VALUES (9781234567890, 'FANTASIA');
INSERT INTO INSERIDO (ISBN, NOME) VALUES (9780987654321, 'ROMANCE');
INSERT INTO INSERIDO (ISBN, NOME) VALUES (9781122334455, 'TERROR');
INSERT INTO INSERIDO (ISBN, NOME) VALUES (9780747532743, 'INFANTIL');
INSERT INTO INSERIDO (ISBN, NOME) VALUES (9780747532743, 'FANTASIA');
INSERT INTO INSERIDO (ISBN, NOME) VALUES (9780307474278, 'ROMANCE');
INSERT INTO INSERIDO (ISBN, NOME) VALUES (9780061120084, 'TERROR');
INSERT INTO INSERIDO (ISBN, NOME) VALUES (9780451524935,, 'ROMANCE');
INSERT INTO INSERIDO (ISBN, NOME) VALUES (9780061120084, 'ROMANCE');


-- POPULATE DE PREFERIDO
INSERT INTO PREFERIDO (ID, NOME) VALUES (1, 'FANTASIA');
INSERT INTO PREFERIDO (ID, NOME) VALUES (2, 'ROMANCE');
INSERT INTO PREFERIDO (ID, NOME) VALUES (3, 'TERROR');
INSERT INTO PREFERIDO (ID, NOME) VALUES (4, 'FANTASIA');
INSERT INTO PREFERIDO (ID, NOME) VALUES (7, 'AUTO AJUDA');
INSERT INTO PREFERIDO (ID, NOME) VALUES (8, 'CIENCIA');
INSERT INTO PREFERIDO (ID, NOME) VALUES (9, 'NAO FICCAO');
INSERT INTO PREFERIDO (ID, NOME) VALUES (10, 'TERROR');
INSERT INTO PREFERIDO (ID, NOME) VALUES (11, 'ROMANCE');
INSERT INTO PREFERIDO (ID, NOME) VALUES (12, 'ARTE');

-- POPULATE DE PUBLICADO_EM
INSERT INTO PUBLICADO_EM (ID_PUBLICACAO, NOME) VALUES (1, 'Leitores de Fantasia');
INSERT INTO PUBLICADO_EM (ID_PUBLICACAO, NOME) VALUES (2, 'Clube de Romance');
INSERT INTO PUBLICADO_EM (ID_PUBLICACAO, NOME) VALUES (3, 'Leitura Livre');
INSERT INTO PUBLICADO_EM (ID_PUBLICACAO, NOME) VALUES (7, 'Fãs de Literatura Clássica');
INSERT INTO PUBLICADO_EM (ID_PUBLICACAO, NOME) VALUES (9, 'Clube do Mistério');
INSERT INTO PUBLICADO_EM (ID_PUBLICACAO, NOME) VALUES (4, 'Leitores de Fantasia');


-- POPULATE DE PUBLICOU
INSERT INTO PUBLICOU (ID_PUBLICACAO, ID) VALUES (1, 1);
INSERT INTO PUBLICOU (ID_PUBLICACAO, ID) VALUES (2, 2);
INSERT INTO PUBLICOU (ID_PUBLICACAO, ID) VALUES (3, 3);
INSERT INTO PUBLICOU (ID_PUBLICACAO, ID) VALUES (4, 8);
INSERT INTO PUBLICOU (ID_PUBLICACAO, ID) VALUES (5, 7);
INSERT INTO PUBLICOU (ID_PUBLICACAO, ID) VALUES (6, 9);


-- POPULATE DE SEGUIDOR
INSERT INTO SEGUIDOR (ID1, ID2) VALUES (1, 4);
INSERT INTO SEGUIDOR (ID1, ID2) VALUES (1, 6);
INSERT INTO SEGUIDOR (ID1, ID2) VALUES (1, 11);
INSERT INTO SEGUIDOR (ID1, ID2) VALUES (7, 5);
INSERT INTO SEGUIDOR (ID1, ID2) VALUES (7, 12);
INSERT INTO SEGUIDOR (ID1, ID2) VALUES (8, 13);
INSERT INTO SEGUIDOR (ID1, ID2) VALUES (9, 6);
INSERT INTO SEGUIDOR (ID1, ID2) VALUES (9, 11);
INSERT INTO SEGUIDOR (ID1, ID2) VALUES (10, 5);
INSERT INTO SEGUIDOR (ID1, ID2) VALUES (10, 12);
INSERT INTO SEGUIDOR (ID1, ID2) VALUES (10, 13);

-- POPULATE DA LEITURA_ATUAL
INSERT INTO LEITURA_ATUAL (ISBN, ID, DATA_DE_INICIO, PAGINA_ATUAL, PERCENTAGEM) 
VALUES (9781234567890, 1, '2024-12-01', 50, 25);
INSERT INTO LEITURA_ATUAL (ISBN, ID, DATA_DE_INICIO, PAGINA_ATUAL, PERCENTAGEM) 
VALUES (9780987654321, 2, '2024-12-01', 100, 50);
INSERT INTO LEITURA_ATUAL (ISBN, ID, DATA_DE_INICIO, PAGINA_ATUAL, PERCENTAGEM) 
VALUES (9781122334455, 3, '2024-12-01', 10, 5);
INSERT INTO LEITURA_ATUAL (ISBN, ID, DATA_DE_INICIO, PAGINA_ATUAL, PERCENTAGEM) 
VALUES (9780747532743, 7, '2024-12-01', 10, 5);
INSERT INTO LEITURA_ATUAL (ISBN, ID, DATA_DE_INICIO, PAGINA_ATUAL, PERCENTAGEM) 
VALUES (9781122334455, 8, '2024-12-01', 10, 5);
INSERT INTO LEITURA_ATUAL (ISBN, ID, DATA_DE_INICIO, PAGINA_ATUAL, PERCENTAGEM) 
VALUES (9780747532743, 9, '2024-12-01', 10, 5);
INSERT INTO LEITURA_ATUAL (ISBN, ID, DATA_DE_INICIO, PAGINA_ATUAL, PERCENTAGEM) 
VALUES (9781122334455, 10, '2024-12-01', 10, 5);
INSERT INTO LEITURA_ATUAL (ISBN, ID, DATA_DE_INICIO, PAGINA_ATUAL, PERCENTAGEM) 
VALUES (9781122334455, 11, '2024-12-01', 10, 5);
INSERT INTO LEITURA_ATUAL (ISBN, ID, DATA_DE_INICIO, PAGINA_ATUAL, PERCENTAGEM) 
VALUES (9780451524935, 10, '2024-12-01', 10, 5);
INSERT INTO LEITURA_ATUAL (ISBN, ID, DATA_DE_INICIO, PAGINA_ATUAL, PERCENTAGEM) 
VALUES (9780451524935, 8, '2024-12-01', 10, 5);


-- POPULATE DA LEITURA
INSERT INTO LEITURA (ISBN, ID, DATA_DE_INICIO, DATA_DE_CONCLUSAO, CLASSIFICACAO, REVIEW) 
VALUES (9781234567890, 4, '2024-11-01', '2024-11-10', '★★★★☆', 'Uma obra-prima de fantasia.');
INSERT INTO LEITURA (ISBN, ID, DATA_DE_INICIO, DATA_DE_CONCLUSAO, CLASSIFICACAO, REVIEW) 
VALUES (9780987654321, 2, '2024-11-05', '2024-11-20', '★★★☆☆', 'Bom, mas com alguns pontos fracos.');
INSERT INTO LEITURA (ISBN, ID, DATA_DE_INICIO, DATA_DE_CONCLUSAO, CLASSIFICACAO, REVIEW) 
VALUES (9781122334455, 3, '2024-11-15', '2024-11-22', '★★★★★', 'Excelente thriller com uma trama intrigante.');
INSERT INTO LEITURA (ISBN, ID, DATA_DE_INICIO, DATA_DE_CONCLUSAO, CLASSIFICACAO, REVIEW) 
VALUES (9780061120084, 1, '2024-11-01', '2024-11-10', '★★★★★', 'Uma obra-prima, cheia de emoção e profundidade.'); 
INSERT INTO LEITURA (ISBN, ID, DATA_DE_INICIO, DATA_DE_CONCLUSAO, CLASSIFICACAO, REVIEW) 
VALUES (9780747532699, 7, '2024-10-15', '2024-11-05', '★★★★☆', 'Uma história envolvente com muita magia, mas alguns pontos previsíveis.'); 
INSERT INTO LEITURA (ISBN, ID, DATA_DE_INICIO, DATA_DE_CONCLUSAO, CLASSIFICACAO, REVIEW) 
VALUES (9780307454546, 8, '2024-11-10', '2024-11-20', '★★★☆☆', 'Trama interessante, mas os personagens poderiam ser mais profundos.'); 
INSERT INTO LEITURA (ISBN, ID, DATA_DE_INICIO, DATA_DE_CONCLUSAO, CLASSIFICACAO, REVIEW) 
VALUES (9780451524935, 9, '2024-09-25', '2024-10-05', '★★★★★', 'Uma crítica profunda à sociedade, um dos melhores livros distópicos.');
INSERT INTO LEITURA (ISBN, ID, DATA_DE_INICIO, DATA_DE_CONCLUSAO, CLASSIFICACAO, REVIEW) 
VALUES (9780451524935, 11, '2024-09-25', '2024-10-05', '★★★★★', 'Nada a dizer');
INSERT INTO LEITURA (ISBN, ID, DATA_DE_INICIO, DATA_DE_CONCLUSAO, CLASSIFICACAO, REVIEW) 
VALUES (9780747532699, 1, '2023-10-15', '2024-11-05', '★★★★☆', 'Mesmo bommm'); 
INSERT INTO LEITURA (ISBN, ID, DATA_DE_INICIO, DATA_DE_CONCLUSAO, CLASSIFICACAO, REVIEW) 
VALUES (9780307454546, 2, '2024-09-10', '2024-11-20', '★★★☆☆', 'Meh'); 



-- POPULATE DA LISTA_DE_LEITURA
INSERT INTO LISTA_DE_LEITURA (ISBN, ID, TITULO) 
VALUES (9781234567890, 1, 'Os meus livros favs');
INSERT INTO LISTA_DE_LEITURA (ISBN, ID, TITULO) 
VALUES (9780987654321, 2, 'DRAGÕES!!!!');
INSERT INTO LISTA_DE_LEITURA (ISBN, ID, TITULO) 
VALUES (9781122334455, 3, 'O Código Da Vinci');
INSERT INTO LISTA_DE_LEITURA (ISBN, ID, TITULO) 
VALUES (9780544003415, 1, 'Fantasy Favorites');
INSERT INTO LISTA_DE_LEITURA (ISBN, ID, TITULO) 
VALUES (9780747532743, 2, 'Magical Worlds');
INSERT INTO LISTA_DE_LEITURA (ISBN, ID, TITULO) 
VALUES (9780307474278, 7, 'Thriller Picks');
INSERT INTO LISTA_DE_LEITURA (ISBN, ID, TITULO) 
VALUES (9780061120084, 8, 'Classics Worth Reading');
INSERT INTO LISTA_DE_LEITURA (ISBN, ID, TITULO) 
VALUES (9780451524935, 9, 'Distopian Gems');
INSERT INTO LISTA_DE_LEITURA (ISBN, ID, TITULO) 
VALUES (9780061120084, 10, 'Perdi anos de vida');
INSERT INTO LISTA_DE_LEITURA (ISBN, ID, TITULO) 
VALUES (9780061120084, 2, 'Espero que a Feup pague a terapia');
