--POPULATE DO UTILIZADOR
INSERT INTO UTILIZADOR (ID, NOME_COMPLETO, NOME_UTILIZADOR, EMAIL, DATA_NASCIMENTO, PALAVRA_PASSE, GENERO, PAIS, FOTO, BIOGRAFIA) 
VALUES (1, 'Maria Silva', 'maria_silva', 'maria.silva@example.com', '1990-04-15', 'password123', 'FEMININO', 'Portugal', 'photo1.jpg', 'Leitora ávida de romances e fantasia.');
INSERT INTO UTILIZADOR (ID, NOME_COMPLETO, NOME_UTILIZADOR, EMAIL, DATA_NASCIMENTO, PALAVRA_PASSE, GENERO, PAIS, FOTO, BIOGRAFIA) 
VALUES (2, 'João Pereira', 'joao_pereira', 'joao.pereira@example.com', '1985-10-22', 'password456', 'MASCULINO', 'Brasil', 'photo2.jpg', 'Gosta de ficção científica e tecnologia.');
INSERT INTO UTILIZADOR (ID, NOME_COMPLETO, NOME_UTILIZADOR, EMAIL, DATA_NASCIMENTO, PALAVRA_PASSE, GENERO, PAIS, FOTO, BIOGRAFIA) 
VALUES (3, 'Ana Costa', 'ana_costa', 'ana.costa@example.com', '1995-03-10', 'password789', 'FEMININO', 'Portugal', 'photo3.jpg', 'Estudante de psicologia e apaixonada por autoajuda.');


-- POPULATE DO LEITOR
INSERT INTO LEITOR (ID) VALUES (1);
INSERT INTO LEITOR (ID) VALUES (2);
INSERT INTO LEITOR (ID) VALUES (3);

-- POPULATE DO AUTOR
INSERT INTO AUTOR (ID) VALUES (2);
INSERT INTO AUTOR (ID) VALUES (4);
INSERT INTO AUTOR (ID) VALUES (1);

-- POPULATE DO LIVRO
INSERT INTO LIVRO (ISBN, TITULO, EDICAO, DATA_LANCAMENTO, NUMERO_DE_PAGINAS) 
VALUES (9781234567890, 'O Senhor dos Anéis', 1, '1954-07-29', 1216);
INSERT INTO LIVRO (ISBN, TITULO, EDICAO, DATA_LANCAMENTO, NUMERO_DE_PAGINAS) 
VALUES (9780987654321, 'A Guerra dos Tronos', 1, '1996-08-06', 694);
INSERT INTO LIVRO (ISBN, TITULO, EDICAO, DATA_LANCAMENTO, NUMERO_DE_PAGINAS) 
VALUES (9781122334455, 'O Código Da Vinci', 1, '2003-03-18', 454);


-- POPULATE DA EDITORA
INSERT INTO EDITORA (NOME, DATA_DE_FUNDACAO) 
VALUES ('Editora Planeta', '1980-01-01');
INSERT INTO EDITORA (NOME, DATA_DE_FUNDACAO) 
VALUES ('Editora Record', '1965-05-15');
INSERT INTO EDITORA (NOME, DATA_DE_FUNDACAO) 
VALUES ('Editora Companhia das Letras', '1990-03-20');

-- POPULATE DA COLECAO
INSERT INTO COLECAO (NOME) VALUES ('Coleção Fantástica');
INSERT INTO COLECAO (NOME) VALUES ('Coleção Clássicos');
INSERT INTO COLECAO (NOME) VALUES ('Coleção Mistério');

-- POPULATE DO GENERO
INSERT INTO GENERO (NOME) VALUES ('ROMANCE');
INSERT INTO GENERO (NOME) VALUES ('FANTASIA');
INSERT INTO GENERO (NOME) VALUES ('TERROR');

-- POPULATE DO GRUPO
INSERT INTO GRUPO (NOME, DESCRICAO, INFORMACOES) 
VALUES ('Leitores de Fantasia', 'Grupo dedicado a fãs de livros de fantasia.', 'Organizamos eventos e leituras semanais.');
INSERT INTO GRUPO (NOME, DESCRICAO, INFORMACOES) 
VALUES ('Clube de Romance', 'Grupo para leitores apaixonados por romances.', 'Fomentamos discussões sobre livros e autores.');
INSERT INTO GRUPO (NOME, DESCRICAO, INFORMACOES) 
VALUES ('Leitura Livre', 'Grupo de leitura variada.', 'Apostamos em uma seleção eclética de livros.');

-- POPULATE DE PUBLICACAO
INSERT INTO PUBLICACAO (ID_PUBLICACAO, TITULO, DATA_E_HORA, CONTEUDO) 
VALUES (1, 'Novo Artigo de Fantasia', '2024-12-01 10:00:00', 'Conteúdo sobre o novo livro de fantasia.');
INSERT INTO PUBLICACAO (ID_PUBLICACAO, TITULO, DATA_E_HORA, CONTEUDO) 
VALUES (2, 'Análise do Código Da Vinci', '2024-12-01 12:00:00', 'Discussão sobre o enredo e as ideias por trás do livro.');
INSERT INTO PUBLICACAO (ID_PUBLICACAO, TITULO, DATA_E_HORA, CONTEUDO) 
VALUES (3, 'Como Começar a Ler Terror', '2024-12-01 14:00:00', 'Dicas para iniciantes no gênero de terror.');

-- POPULATE DE AMIGO
INSERT INTO AMIGO (ID1, ID2) VALUES (1, 2);
INSERT INTO AMIGO (ID1, ID2) VALUES (2, 3);
INSERT INTO AMIGO (ID1, ID2) VALUES (1, 3);

-- POPULATE DA PERTENCE_GRUPO
INSERT INTO PERTENCE_GRUPO (ID, NOME) VALUES (1, 'Leitores de Fantasia');
INSERT INTO PERTENCE_GRUPO (ID, NOME) VALUES (2, 'Clube de Romance');
INSERT INTO PERTENCE_GRUPO (ID, NOME) VALUES (3, 'Leitura Livre');

-- POPULATE DA PERTENCE_COLECAO
INSERT INTO PERTENCE_COLECAO (ISBN, NOME) VALUES (9781234567890, 'Coleção Fantástica');
INSERT INTO PERTENCE_COLECAO (ISBN, NOME) VALUES (9780987654321, 'Coleção Clássicos');
INSERT INTO PERTENCE_COLECAO (ISBN, NOME) VALUES (9781122334455, 'Coleção Mistério');

-- POPULATE DE ESCREVEU
INSERT INTO ESCREVEU (ID, ISBN) VALUES (2, 9781234567890);
INSERT INTO ESCREVEU (ID, ISBN) VALUES (3, 9780987654321);
INSERT INTO ESCREVEU (ID, ISBN) VALUES (1, 9781122334455);

-- POPULATE DE LANCOU
INSERT INTO LANCOU (ISBN, NOME) VALUES (9781234567890, 'Editora Planeta');
INSERT INTO LANCOU (ISBN, NOME) VALUES (9780987654321, 'Editora Record');
INSERT INTO LANCOU (ISBN, NOME) VALUES (9781122334455, 'Editora Companhia das Letras');

-- POPULATE DE INSERIDO
INSERT INTO INSERIDO (ISBN, NOME) VALUES (9781234567890, 'FANTASIA');
INSERT INTO INSERIDO (ISBN, NOME) VALUES (9780987654321, 'ROMANCE');
INSERT INTO INSERIDO (ISBN, NOME) VALUES (9781122334455, 'TERROR');

-- POPULATE DE PREFERIDO
INSERT INTO PREFERIDO (ID, NOME) VALUES (1, 'FANTASIA');
INSERT INTO PREFERIDO (ID, NOME) VALUES (2, 'ROMANCE');
INSERT INTO PREFERIDO (ID, NOME) VALUES (3, 'TERROR');

-- POPULATE DE PUBLICADO_EM
INSERT INTO PUBLICADO_EM (ID_PUBLICACAO, NOME) VALUES (1, 'Leitores de Fantasia');
INSERT INTO PUBLICADO_EM (ID_PUBLICACAO, NOME) VALUES (2, 'Clube de Romance');
INSERT INTO PUBLICADO_EM (ID_PUBLICACAO, NOME) VALUES (3, 'Leitura Livre');

-- POPULATE DE PUBLICOU
INSERT INTO PUBLICOU (ID_PUBLICACAO, ID) VALUES (1, 1);
INSERT INTO PUBLICOU (ID_PUBLICACAO, ID) VALUES (2, 2);
INSERT INTO PUBLICOU (ID_PUBLICACAO, ID) VALUES (3, 3);

-- POPULATE DE SEGUIDOR
INSERT INTO SEGUIDOR (ID1, ID2) VALUES (1, 2);
INSERT INTO SEGUIDOR (ID1, ID2) VALUES (2, 3);
INSERT INTO SEGUIDOR (ID1, ID2) VALUES (1, 3);

-- POPULATE DA LEITURA_ATUAL
INSERT INTO LEITURA_ATUAL (ISBN, ID, DATA_DE_INICIO, PAGINA_ATUAL, PERCENTAGEM) 
VALUES (9781234567890, 1, '2024-12-01', 50, 25);
INSERT INTO LEITURA_ATUAL (ISBN, ID, DATA_DE_INICIO, PAGINA_ATUAL, PERCENTAGEM) 
VALUES (9780987654321, 2, '2024-12-01', 100, 50);
INSERT INTO LEITURA_ATUAL (ISBN, ID, DATA_DE_INICIO, PAGINA_ATUAL, PERCENTAGEM) 
VALUES (9781122334455, 3, '2024-12-01', 10, 5);

-- POPULATE DA LEITURA
INSERT INTO LEITURA (ISBN, ID, DATA_DE_INICIO, DATA_DE_CONCLUSAO, CLASSIFICACAO, REVIEW) 
VALUES (9781234567890, 1, '2024-11-01', '2024-11-10', '★★★★☆', 'Uma obra-prima de fantasia.');
INSERT INTO LEITURA (ISBN, ID, DATA_DE_INICIO, DATA_DE_CONCLUSAO, CLASSIFICACAO, REVIEW) 
VALUES (9780987654321, 2, '2024-11-05', '2024-11-20', '★★★☆☆', 'Bom, mas com alguns pontos fracos.');
INSERT INTO LEITURA (ISBN, ID, DATA_DE_INICIO, DATA_DE_CONCLUSAO, CLASSIFICACAO, REVIEW) 
VALUES (9781122334455, 3, '2024-11-15', '2024-11-22', '★★★★★', 'Excelente thriller com uma trama intrigante.');

-- POPULATE DA LISTA_DE_LEITURA
INSERT INTO LISTA_DE_LEITURA (ISBN, ID, TITULO) 
VALUES (9781234567890, 1, 'O Senhor dos Anéis');
INSERT INTO LISTA_DE_LEITURA (ISBN, ID, TITULO) 
VALUES (9780987654321, 2, 'A Guerra dos Tronos');
INSERT INTO LISTA_DE_LEITURA (ISBN, ID, TITULO) 
VALUES (9781122334455, 3, 'O Código Da Vinci');
